,Fund Name,P1,P2,P3,P4,P5,Topsis Score,Ranks
0,M1,0.83,0.69,6.1,61.1,17.18,0.4755294721138547,6
1,M2,0.8,0.64,4.0,53.6,14.76,0.5444791033594893,2
2,M3,0.84,0.71,4.9,64.2,17.66,0.5342561666787676,3
3,M4,0.92,0.85,4.8,38.2,11.19,0.5024693964000987,5
4,M5,0.9,0.81,3.3,69.5,18.63,0.588184047137272,1
5,M6,0.7,0.49,6.5,57.8,16.37,0.41624100410567544,7
6,M7,0.66,0.44,6.9,46.4,13.6,0.37793081894372627,8
7,M8,0.76,0.58,4.7,59.6,16.41,0.5139861854581986,4
